"type","name","time_units","begin_time","frequency","count","units"
"signal_2d","CdP (Centre des Pressions)","s",0.000,60,1784,"mm"

"time","x","y"
0.000,-22.59190876,-78.80987111
0.017,-23.16108279,-78.58039356
0.033,-23.63015185,-78.61227578
0.050,-23.98255707,-78.59500102
0.067,-24.42510171,-78.51959927
0.083,-24.84236536,-78.51044982
0.100,-25.44226773,-78.39547677
0.117,-25.37136076,-78.00010719
0.133,-26.20959421,-77.90294657
0.150,-26.4373779,-77.41845238
0.167,-26.8375,-77.25050244
0.183,-27.36425314,-76.62368768
0.200,-27.59710601,-76.59169374
0.217,-28.03030334,-76.16457655
0.233,-28.81361971,-75.58485342
0.250,-29.32432818,-75.24323086
0.267,-29.76253053,-74.88319597
0.283,-30.45487805,-74.31472561
0.300,-30.89585366,-73.8117378
0.317,-31.45907562,-73.31583265
0.333,-32.28324142,-72.70220588
0.350,-33.06356036,-71.86468189
0.367,-33.32082313,-71.15576805
0.383,-34.06523152,-70.44370431
0.400,-34.70886752,-69.68160867
0.417,-35.85842148,-68.98953417
0.433,-36.84564262,-68.43207499
0.450,-37.5817623,-67.96672131
0.467,-38.47066953,-67.41130221
0.483,-38.75006674,-67.06039528
0.500,-39.7265625,-66.53502262
0.517,-40.5296651,-65.8817544
0.533,-40.93355533,-65.45895492
0.550,-41.35585443,-64.96750204
0.567,-41.58783756,-64.45022504
0.583,-42.32311224,-63.8599898
0.600,-42.450978,-63.24822738
0.617,-42.45443154,-62.94776895
0.633,-42.85465187,-62.4824206
0.650,-42.83273322,-62.22397709
0.667,-43.28563754,-61.9875307
0.683,-43.66166224,-61.69225072
0.700,-43.32302147,-61.34409509
0.717,-43.74815137,-60.98285027
0.733,-43.37154908,-60.49139571
0.750,-43.36756757,-60.04339681
0.767,-43.93819758,-60.00140029
0.783,-43.80715016,-59.89023118
0.800,-43.44738943,-59.47423219
0.817,-43.86956833,-59.1238748
0.833,-43.77820341,-58.74105821
0.850,-43.55353832,-58.35947157
0.867,-43.9666804,-57.94973229
0.883,-43.93380086,-57.30291307
0.900,-44.0088187,-56.91598646
0.917,-43.91622537,-56.60089286
0.933,-44.10615258,-55.78969442
0.950,-44.66422414,-55.26493227
0.967,-44.66047131,-54.5664959
0.983,-44.7870086,-54.11575553
1.000,-44.58586957,-53.87777892
1.017,-44.69441882,-53.3570572
1.033,-44.96680152,-52.68491909
1.050,-44.7661855,-52.10632678
1.067,-44.53798097,-51.73982296
1.083,-44.76935269,-51.25514465
1.100,-44.82352669,-50.5350154
1.117,-45.222016,-49.77585111
1.133,-44.80635246,-49.00911885
1.150,-44.73995499,-48.5578662
1.167,-45.05451888,-48.04180858
1.183,-44.45654859,-47.18695896
1.200,-44.79914761,-46.59519702
1.217,-44.79890548,-46.36976268
1.233,-44.8946414,-45.88518083
1.250,-45.11915372,-44.98402494
1.267,-44.97575696,-44.40012275
1.283,-44.95841858,-43.87650368
1.300,-45.03639886,-43.7540885
1.317,-44.65380257,-43.03424357
1.333,-44.89740392,-42.82542927
1.350,-44.25468941,-42.3974389
1.367,-44.38223684,-42.19346695
1.383,-44.29609247,-41.79936579
1.400,-44.10010719,-41.35931503
1.417,-43.73680669,-40.8680261
1.433,-43.55582925,-40.6374694
1.450,-43.58941602,-40.09645842
1.467,-43.11669217,-39.91825275
1.483,-42.8913485,-39.04627335
1.500,-42.75771969,-38.8374288
1.517,-42.55027372,-38.37463504
1.533,-42.16829268,-37.88945122
1.550,-41.67420256,-37.52107375
1.567,-41.06810748,-37.15603921
1.583,-40.40943339,-36.93612916
1.600,-40.0442026,-36.74109032
1.617,-39.77448044,-36.26913203
1.633,-39.11246951,-35.96707317
1.650,-39.04246346,-35.73229294
1.667,-38.38494526,-35.52214112
1.683,-37.83150609,-35.09475152
1.700,-37.5754882,-34.72405411
1.717,-36.76065757,-34.04493078
1.733,-36.50795732,-33.21442073
1.750,-35.85048622,-32.20706037
1.767,-34.51667683,-31.24036585
1.783,-33.94290705,-30.55496659
1.800,-33.02032512,-29.81310582
1.817,-32.30752016,-28.99270161
1.833,-31.46831114,-28.356023
1.850,-30.47371769,-27.58482431
1.867,-29.72745563,-27.06427491
1.883,-29.20652306,-26.72093447
1.900,-28.12408833,-25.95382901
1.917,-27.38763158,-25.46960526
1.933,-26.94532443,-24.40520791
1.950,-26.24664291,-23.79362204
1.967,-25.49987952,-23.27731928
1.983,-25.01304457,-22.96865167
2.000,-24.37885119,-22.41625554
2.017,-23.7957189,-21.94395194
2.033,-22.88113141,-21.53649071
2.050,-22.76480117,-21.416739
2.067,-21.67959677,-21.31394153
2.083,-21.28334006,-21.43394588
2.100,-20.67790557,-21.32088378
2.117,-20.1944697,-21.47856061
2.133,-19.69934052,-21.57660592
2.150,-19.24810146,-21.4621051
2.167,-18.77885201,-21.76557552
2.183,-18.31787667,-22.12458991
2.200,-17.92180916,-22.60915721
2.217,-17.20127572,-22.80455325
2.233,-16.45670978,-23.35934721
2.250,-16.13667339,-23.6684879
2.267,-15.6003794,-24.12682618
2.283,-14.76102466,-24.59599838
2.300,-14.29060345,-25.24793611
2.317,-13.52455847,-25.62629415
2.333,-12.4701621,-26.35509968
2.350,-11.92181947,-27.0713954
2.367,-11.71342854,-27.9517612
2.383,-10.5655,-28.29622727
2.400,-9.210094015,-29.09704307
2.417,-8.332317444,-29.93067444
2.433,-7.578638855,-30.61219549
2.450,-6.945650852,-31.325882
2.467,-6.042233306,-32.39893119
2.483,-5.107700893,-33.25680804
2.500,-4.477779465,-34.29989368
2.517,-3.303492273,-35.22174156
2.533,-2.33537169,-36.24572811
2.550,-1.4125,-37.17631098
2.567,-1.244712121,-38.15119697
2.583,0.37050122,-39.74357971
2.600,0.8123883022,-41.34918765
2.617,1.60351833,-42.34220468
2.633,2.468145816,-43.07379163
2.650,3.397231816,-44.82176453
2.667,3.858844435,-46.27515232
2.683,4.282232034,-47.45896772
2.700,4.640415482,-48.80959468
2.717,5.368646045,-49.73776369
2.733,6.099719731,-51.25250204
2.750,6.310322086,-52.67845092
2.767,6.837193252,-53.44102761
2.783,6.971370968,-53.98010923
2.800,7.071750921,-54.95220528
2.817,7.273682598,-55.62757353
2.833,7.374846437,-56.64229115
2.850,7.838941718,-57.08406442
2.867,7.547181373,-57.78440564
2.883,7.524289947,-58.3119483
2.900,7.951574603,-58.84994395
2.917,8.005317848,-59.26974328
2.933,8.131791819,-59.99589438
2.950,7.65300427,-60.52611326
2.967,7.808290764,-61.41171332
2.983,7.769039091,-61.90774151
3.000,7.80719914,-62.7368553
3.017,8.016140279,-63.78497744
3.033,8.059763223,-64.3825492
3.050,8.095444785,-65.43081288
3.067,8.117829378,-66.23954583
3.083,7.946176591,-67.10872757
3.100,8.232659314,-68.30545343
3.117,8.036518405,-69.42740798
3.133,7.645473083,-70.36116436
3.150,7.599882892,-71.24350815
3.167,7.541196538,-72.19284623
3.183,6.8999847,-73.45518666
3.200,6.240556235,-74.37209658
3.217,6.261432059,-74.86135069
3.233,5.462510179,-75.65731881
3.250,5.285669243,-76.38878153
3.267,4.711021615,-77.26697594
3.283,3.278586691,-77.81857448
3.300,2.973502445,-78.29532396
3.317,2.486552567,-78.88933374
3.333,1.383743893,-79.41171621
3.350,0.2590158924,-80.11188875
3.367,-0.9757628153,-80.54697925
3.383,-1.558819331,-81.06897431
3.400,-2.772002447,-81.79481036
3.417,-3.404457758,-82.3575853
3.433,-3.917623782,-82.92704951
3.450,-5.525672372,-83.63450489
3.467,-6.457389841,-84.36100061
3.483,-7.109736949,-84.85714723
3.500,-7.898176554,-85.60232121
3.517,-8.675796569,-86.32867647
3.533,-9.159026359,-87.12071414
3.550,-9.691399551,-87.49598305
3.567,-10.07969262,-87.9107582
3.583,-10.67087423,-88.26998466
3.600,-10.64500308,-88.48018143
3.617,-11.20358758,-88.58674959
3.633,-11.65051356,-88.43039236
3.650,-11.71135152,-88.30616284
3.667,-12.28144996,-87.98982773
3.683,-12.55285627,-87.64788084
3.700,-12.6847926,-87.33544647
3.717,-13.23894054,-87.08261647
3.733,-13.47320991,-86.71920135
3.750,-14.00570685,-86.49098837
3.767,-14.42821283,-86.14639002
3.783,-14.84507545,-85.93207586
3.800,-15.40248162,-85.77129289
3.817,-16.48148034,-85.55515971
3.833,-17.17849265,-85.04773284
3.850,-18.14023135,-84.65498879
3.867,-19.2232332,-84.24426171
3.883,-20.40137307,-83.5570179
3.900,-21.33201888,-83.1103989
3.917,-21.84896341,-82.7725
3.933,-23.05358669,-82.2337149
3.950,-24.02396045,-81.47861562
3.967,-25.03197145,-80.93127278
3.983,-25.71462571,-80.46422905
4.000,-26.71721411,-79.931691
4.017,-27.59442136,-79.53686157
4.033,-28.21972806,-79.03888496
4.050,-28.97682039,-78.76744539
4.067,-30.47470178,-78.25409927
4.083,-30.76003136,-78.049914
4.100,-31.54811893,-77.58807646
4.117,-32.17679586,-77.05921266
4.133,-32.72310729,-76.51861336
4.150,-33.39934531,-76.12531973
4.167,-34.01536469,-75.81870683
4.183,-34.68484972,-75.40753452
4.200,-35.04285134,-74.70874289
4.217,-35.88783537,-73.76006098
4.233,-36.0403083,-72.79980159
4.250,-37.08071516,-72.00296455
4.267,-37.47096577,-70.75623472
4.283,-37.88864192,-70.15378263
4.300,-38.31003664,-68.92493893
4.317,-38.85408537,-67.98603659
4.333,-39.18169771,-67.45482501
4.350,-40.13733613,-66.62474908
4.367,-40.53569314,-65.73921499
4.383,-40.87103484,-65.01089139
4.400,-40.81418171,-64.40374282
4.417,-41.49139185,-63.72915301
4.433,-41.17669057,-63.14222336
4.450,-41.83751023,-62.57768003
4.467,-41.52472926,-61.96932468
4.483,-41.5490172,-61.32054668
4.500,-41.75973926,-60.79989264
4.517,-41.37630933,-60.4346563
4.533,-41.54133673,-59.85771429
4.550,-41.63066789,-59.40808824
4.567,-41.48107114,-58.84338716
4.583,-41.47571792,-58.24620672
4.600,-41.17635836,-57.78487485
4.617,-41.53165611,-57.69545872
4.633,-41.4616411,-57.11526074
4.650,-41.44490172,-56.4340602
4.667,-41.17073096,-55.58378378
4.683,-41.17963001,-55.20183974
4.700,-41.22593558,-54.72007669
4.717,-41.19907635,-54.13075739
4.733,-41.39203893,-53.36123975
4.750,-41.42016859,-52.67254317
4.767,-41.75825838,-51.92063573
4.783,-41.3472546,-51.14983129
4.800,-41.26298255,-50.42363963
4.817,-41.41960472,-49.77278747
4.833,-41.21743058,-48.91379645
4.850,-41.0201766,-48.43623418
4.867,-41.13252847,-47.78087129
4.883,-41.09702381,-47.02641941
4.900,-40.55547924,-46.42968559
4.917,-40.55004078,-45.73112765
4.933,-40.67619023,-45.27908153
4.950,-40.81490816,-44.67535714
4.967,-39.91101686,-43.58202458
4.983,-39.94127742,-42.93954102
5.000,-39.31725852,-42.39563718
5.017,-39.053158,-41.73817019
5.033,-38.67904457,-41.00389194
5.050,-38.67537632,-40.52001627
5.067,-37.81457742,-39.51850932
5.083,-37.46073672,-38.69402615
5.100,-37.14530488,-37.85844512
5.117,-36.71526652,-36.95917612
5.133,-36.07378247,-36.60003044
5.150,-35.92022341,-35.67347857
5.167,-34.99962611,-35.13322555
5.183,-34.77565843,-34.32237642
5.200,-33.95832996,-33.63923077
5.217,-33.644274,-33.18774301
5.233,-32.99686994,-32.18645665
5.250,-32.08687196,-31.33826985
5.267,-31.71196508,-30.64104259
5.283,-30.45295012,-29.89276156
5.300,-29.96149635,-29.39443431
5.317,-29.42192822,-28.96827859
5.333,-28.55557521,-28.56928326
5.350,-28.04086772,-28.00315534
5.367,-26.86272321,-27.88426339
5.383,-25.69656892,-27.36355804
5.400,-24.70160801,-27.14262743
5.417,-23.90389013,-27.13817786
5.433,-23.25415659,-27.0492896
5.450,-22.27895135,-27.32905228
5.467,-21.72743952,-27.21910282
5.483,-20.90113636,-27.40227273
5.500,-20.252657,-27.35609903
5.517,-19.4610478,-27.68306273
5.533,-18.17050971,-28.11286408
5.550,-17.87834479,-28.03875303
5.567,-17.01002125,-28.29744537
5.583,-16.5404721,-28.51445107
5.600,-15.96130712,-28.52815912
5.617,-15.35642495,-28.83390974
5.633,-14.24499393,-29.17223908
5.650,-13.87674242,-29.14201515
5.667,-12.78432203,-29.2315678
5.683,-12.29046559,-29.20615385
5.700,-12.09438817,-29.31910454
5.717,-11.14445344,-29.3708502
5.733,-10.29549189,-29.46652637
5.750,-9.846309235,-29.62130923
5.767,-9.252617219,-29.50492118
5.783,-8.285825893,-29.60058847
5.800,-8.059827935,-29.65220648
5.817,-7.509515378,-29.91973391
5.833,-6.744045455,-29.87822727
5.850,-6.012530266,-30.21313559
5.867,-5.33535109,-30.29863801
5.883,-4.938619855,-30.50384383
5.900,-3.986821313,-30.81630875
5.917,-3.503822816,-31.47269417
5.933,-2.832461398,-31.96979378
5.950,-1.570782582,-32.54255481
5.967,-1.033915479,-33.10082994
5.983,-0.279054878,-33.92067073
6.000,0.5846611722,-34.91582723
6.017,1.192815917,-35.73813791
6.033,2.312925791,-37.09616788
6.050,3.30156821,-38.18223203
6.067,4.487267864,-39.40344671
6.083,4.738654313,-40.93503949
6.100,5.634026656,-42.44688005
6.117,6.26711165,-43.58522451
6.133,7.291801948,-44.83426339
6.150,8.655795408,-46.35422085
6.167,9.664261711,-47.63088086
6.183,10.12655614,-48.47093165
6.200,11.10018293,-49.24801829
6.217,12.14565661,-50.05849307
6.233,13.57489273,-51.78339293
6.250,14.73612245,-52.24405102
6.267,15.8659077,-53.08930106
6.283,16.77365575,-54.41005871
6.300,17.91259259,-55.18166667
6.317,18.05611856,-55.75851031
6.333,18.50677512,-56.14512974
6.350,18.45519893,-56.94031993
6.367,18.80715454,-57.50942355
6.383,18.61553681,-58.22792945
6.400,17.95032787,-59.113125
6.417,18.1599703,-59.98987608
6.433,17.15641117,-60.28420487
6.450,17.46770362,-61.48471308
6.467,17.28664005,-62.16388206
6.483,16.60885268,-62.79015631
6.500,16.88400615,-63.85078893
6.517,16.55528826,-64.7170753
6.533,15.55485258,-65.57539926
6.550,15.13145672,-66.36212229
6.567,14.51966912,-67.15260417
6.583,14.05138436,-68.39007533
6.600,13.53521527,-69.47641145
6.617,12.79834887,-70.90772893
6.633,12.2492915,-72.06838057
6.650,11.92516734,-73.64310852
6.667,11.67165006,-75.12558459
6.683,11.41900183,-76.61820818
6.700,11.04375764,-77.82454647
6.717,10.72994304,-78.89197518
6.733,10.25223812,-80.0307704
6.750,9.44411435,-80.98237362
6.767,8.960817013,-81.40460526
6.783,8.627328431,-82.19503676
6.800,8.082510246,-82.59998975
6.817,7.166106357,-83.06466993
6.833,6.456897077,-83.27212241
6.850,5.879595663,-83.6764542
6.867,5.287408611,-84.02366978
6.883,4.52,-84.60875
6.900,3.80253055,-84.95885438
6.917,2.900071545,-85.33902289
6.933,2.295891393,-85.66002049
6.950,1.188440311,-85.78252249
6.967,0.1527027027,-86.15208845
6.983,-1.038602941,-86.11749387
7.000,-2.250306373,-86.30098039
7.017,-3.480927518,-86.58937346
7.033,-4.758504098,-87.15703893
7.050,-6.026088957,-87.06719325
7.067,-7.397845886,-87.4888508
7.083,-8.509648406,-87.89261038
7.100,-9.921020867,-88.23154664
7.117,-11.61962526,-88.78215092
7.133,-13.40717213,-89.07086066
7.150,-14.8477417,-89.45621159
7.167,-16.84223749,-89.53674118
7.183,-18.21223404,-89.41055646
7.200,-19.89985234,-89.04273422
7.217,-21.47819008,-88.86983973
7.233,-22.84429303,-88.71657787
7.250,-24.21279713,-88.5463832
7.267,-26.05168476,-88.20284207
7.283,-27.12243235,-88.08058118
7.300,-28.84626025,-87.67109631
7.317,-30.47261029,-87.53345588
7.333,-31.28073745,-87.39692472
7.350,-32.20603818,-87.16376582
7.367,-33.4161093,-86.93442088
7.383,-34.86086868,-86.43324837
7.400,-36.087377,-86.56210025
7.417,-37.54630181,-86.20191321
7.433,-38.71959321,-85.6300695
7.450,-39.86581695,-85.19422604
7.467,-41.09106704,-85.11658979
7.483,-42.79146192,-84.38212531
7.500,-44.06930703,-84.2545278
7.517,-45.14759988,-83.76015593
7.533,-45.9501739,-83.63340835
7.550,-46.76489068,-83.06158051
7.567,-47.4606924,-82.65202206
7.583,-47.72962775,-82.19508747
7.600,-48.43400285,-81.69111949
7.617,-48.78851351,-81.21701474
7.633,-48.93015306,-80.65086735
7.650,-48.70194264,-80.005655
7.667,-48.99393352,-79.16451876
7.683,-49.04622258,-78.41956742
7.700,-48.90910758,-77.53554401
7.717,-48.83074214,-76.93078297
7.733,-48.95459402,-76.18014347
7.750,-48.37282454,-75.01836207
7.767,-48.41576485,-74.34416192
7.783,-48.2777874,-73.72697208
7.800,-47.59210928,-72.49626068
7.817,-47.01111963,-71.91964724
7.833,-47.14153491,-71.18825975
7.850,-46.6402755,-70.33277857
7.867,-46.95205437,-69.18247138
7.883,-46.33092699,-68.19281173
7.900,-46.46296163,-66.97753898
7.917,-46.8070082,-65.52494877
7.933,-46.84626904,-64.88486517
7.950,-47.31730336,-63.49306125
7.967,-46.96302211,-62.15
7.983,-47.45516504,-60.66497555
8.000,-47.94319943,-59.91258157
8.017,-48.11501225,-58.76415441
8.033,-48.84678659,-57.68316421
8.050,-49.4491303,-56.66107966
8.067,-50.03442875,-55.09791155
8.083,-50.38342235,-53.9558751
8.100,-50.46382389,-53.33057266
8.117,-51.52876383,-52.19537587
8.133,-51.78722302,-51.33165265
8.150,-51.81638638,-50.87085726
8.167,-52.4723174,-50.22576426
8.183,-52.57781096,-49.89708608
8.200,-52.51635408,-49.57490725
8.217,-53.06102095,-49.42589359
8.233,-53.13441358,-49.25265432
8.250,-52.76505752,-48.92797864
8.267,-52.87963965,-48.35317987
8.283,-52.686886,-47.92034896
8.300,-52.9678813,-47.23101169
8.317,-52.95654321,-46.60901235
8.333,-53.22383292,-45.69628378
8.350,-53.52796107,-44.31313525
8.367,-53.64487285,-43.39700574
8.383,-53.29197853,-41.5517638
8.400,-53.37930664,-40.22760651
8.417,-53.37933361,-38.30381235
8.433,-53.83322772,-36.96291905
8.450,-53.49648773,-34.92427914
8.467,-53.3758347,-33.19693261
8.483,-53.58314417,-31.45455521
8.500,-53.26350245,-29.65209697
8.517,-53.67442134,-28.07235252
8.533,-54.05633449,-26.40582241
8.550,-54.06507489,-25.44064936
8.567,-54.14660204,-23.97560204
8.583,-53.94204267,-23.30192425
8.600,-53.76770791,-22.58675601
8.617,-53.85206717,-21.95575235
8.633,-53.20378263,-21.41907626
8.650,-52.57561576,-20.92309113
8.667,-52.58360176,-20.65889926
8.683,-51.77104482,-20.38613897
8.700,-51.6919335,-20.26902709
8.717,-50.98432997,-20.28731474
8.733,-50.32552254,-20.65607582
8.750,-49.72150698,-20.64498872
8.767,-48.63581081,-20.90291769
8.783,-47.88270885,-21.1215602
8.800,-47.22256135,-21.39894172
8.817,-46.16809197,-21.5555254
8.833,-45.32998466,-21.9084816
8.850,-44.03794734,-22.44892741
8.867,-42.87950528,-22.69585026
8.883,-41.66673953,-23.38982818
8.900,-40.61295639,-23.60794625
8.917,-39.628026,-24.04462835
8.933,-38.84059069,-24.36864071
8.950,-37.05140358,-24.69748779
8.967,-36.29555861,-24.99900794
8.983,-35.45701888,-25.10327345
9.000,-34.01694399,-25.14983766
9.017,-33.20746359,-25.6032767
9.033,-31.96887889,-25.35817327
9.050,-30.77951935,-25.52577086
9.067,-29.85387097,-25.32247984
9.083,-28.99873335,-25.22484356
9.100,-27.96063765,-25.08874494
9.117,-26.58813482,-25.10902358
9.133,-25.19442261,-25.38571644
9.150,-24.3797386,-25.56356984
9.167,-22.77164413,-25.97072568
9.183,-21.79555634,-26.21341204
9.200,-20.7033124,-26.52729943
9.217,-19.42931524,-26.93594003
9.233,-18.3270158,-27.43386345
9.250,-17.45234879,-27.83422379
9.267,-16.18468182,-28.35443939
9.283,-15.05752427,-28.68197816
9.300,-13.9070322,-29.19910389
9.317,-13.23403846,-29.72426113
9.333,-12.64012302,-30.18637149
9.350,-11.35278229,-30.64700447
9.367,-10.28224484,-31.3684842
9.383,-9.343087045,-32.02314777
9.400,-8.22695122,-32.60118902
9.417,-6.873479319,-33.26420316
9.433,-6.457469636,-33.95489879
9.450,-4.726508533,-35.22755486
9.467,-4.447823434,-35.8067026
9.483,-2.648652908,-36.6072438
9.500,-2.00433922,-37.18436358
9.517,-1.055500813,-38.16160605
9.533,0.2397283272,-39.07916667
9.550,1.303315704,-39.51322213
9.567,1.970609756,-40.38371951
9.583,2.731981707,-41.4172561
9.600,3.972871046,-42.07600365
9.617,4.371261635,-42.75742108
9.633,5.48898073,-43.8826217
9.650,6.125035497,-44.43272312
9.667,6.94646706,-45.13049512
9.683,7.732702123,-45.99305329
9.700,8.279476317,-46.6990149
9.717,9.062530675,-47.55185583
9.733,9.827393617,-48.29779051
9.750,9.855095248,-49.02549672
9.767,10.05996642,-50.07217643
9.783,10.52116639,-51.0781199
9.800,10.11515568,-51.51399573
9.817,10.77197887,-52.65315449
9.833,10.97225359,-53.04097023
9.850,11.12929639,-54.02161512
9.867,10.87041036,-54.95914347
9.883,10.68820552,-55.70796012
9.900,10.58682598,-56.26112132
9.917,10.06750203,-57.16153612
9.933,9.693582453,-57.91708976
9.950,9.600855746,-58.2716687
9.967,9.614335985,-59.02244492
9.983,9.43374949,-59.92097941
10.000,9.110019396,-60.90476215
10.017,9.031928571,-61.8467449
10.033,8.452395363,-62.99564526
10.050,8.194359317,-64.29460613
10.067,8.031500409,-64.85488553
10.083,7.18457501,-65.53182328
10.100,7.027879902,-66.46366422
10.117,6.547284836,-67.42835041
10.133,6.021345209,-68.49757371
10.150,5.67488222,-69.36757989
10.167,5.354548711,-69.92135182
10.183,4.504292723,-70.62384505
10.200,3.7078125,-71.24469975
10.217,3.293906058,-71.8883289
10.233,2.772471394,-72.42194013
10.250,1.664484452,-73.20957447
10.267,0.8668398533,-73.70556235
10.283,-0.08817319461,-74.58587821
10.300,-0.7445423971,-75.12968304
10.317,-1.693966043,-75.75629829
10.333,-2.283321472,-76.20434628
10.350,-3.121550143,-76.75351101
10.367,-3.893267669,-77.19754265
10.383,-4.874588582,-77.67487302
10.400,-5.962103981,-78.26466288
10.417,-6.89240236,-78.70578723
10.433,-7.99918633,-79.10919447
10.450,-9.35088848,-79.87202819
10.467,-10.19820414,-80.11007508
10.483,-11.3837632,-80.65019293
10.500,-12.66076007,-81.37483211
10.517,-14.18251221,-81.91349756
10.533,-15.8278026,-82.74312551
10.550,-17.41586714,-83.4555426
10.567,-18.98337912,-84.2584707
10.583,-20.74199267,-84.97102689
10.600,-22.48522356,-85.9179512
10.617,-24.75537464,-86.61353103
10.633,-26.23724511,-87.29733891
10.650,-28.9296209,-88.14
10.667,-31.29203985,-88.85518694
10.683,-33.14013644,-89.30396492
10.700,-34.87199938,-89.37699528
10.717,-35.85281327,-89.34382729
10.733,-36.90787608,-89.5239365
10.750,-37.53214286,-89.46413177
10.767,-38.08524969,-89.36021887
10.783,-38.86552096,-89.29055179
10.800,-38.73290879,-88.89348809
10.817,-39.44856894,-88.49715326
10.833,-39.37748975,-87.99064549
10.850,-39.89980045,-87.6380219
10.867,-39.93082108,-87.40536152
10.883,-40.03814338,-87.00723039
10.900,-40.20685583,-86.5715184
10.917,-41.12336645,-86.09190393
10.933,-41.26790541,-85.1838145
10.950,-41.86372699,-84.54375767
10.967,-42.42175623,-83.49797201
10.983,-43.32861088,-82.95721154
11.000,-43.63572955,-81.57144383
11.017,-43.83239609,-80.8025978
11.033,-44.693111,-79.7771945
11.050,-45.56692793,-78.59044178
11.067,-46.22695979,-77.5452173
11.083,-47.26654143,-76.46432778
11.100,-48.19790057,-75.46679036
11.117,-48.70798597,-74.50176393
11.133,-49.97777553,-73.49693071
11.150,-50.57644641,-72.40911998
11.167,-51.03423913,-71.57948497
11.183,-52.13832418,-70.42666361
11.200,-52.91850981,-69.50123671
11.217,-53.6090602,-68.53574939
11.233,-54.33092752,-67.13019042
11.250,-54.29710353,-65.96502671
11.267,-54.93100636,-64.59188039
11.283,-54.56216133,-63.05455665
11.300,-54.8620088,-61.99793799
11.317,-54.85478484,-60.9401127
11.333,-54.72974385,-59.52992828
11.350,-54.74200469,-57.93438137
11.367,-54.4529153,-56.94270663
11.383,-54.18789959,-55.86205943
11.400,-54.15009252,-55.21643709
11.417,-53.94911928,-53.97356304
11.433,-53.38203704,-52.9879321
11.450,-53.28892444,-52.27066474
11.467,-52.93206925,-51.19235367
11.483,-52.63310644,-50.77308168
11.500,-52.13557296,-49.42818425
11.517,-51.81872158,-48.58848181
11.533,-51.47480437,-47.4851318
11.550,-51.38577586,-46.33069581
11.567,-50.9510588,-45.40327919
11.583,-50.73490741,-44.12231481
11.600,-50.46224354,-43.2913572
11.617,-50.30744648,-42.22322458
11.633,-50.5783432,-41.34201205
11.650,-50.59747959,-40.5105
11.667,-50.69767157,-39.9723652
11.683,-50.68728554,-39.05147059
11.700,-50.59212582,-38.75430715
11.717,-50.38652344,-38.38143503
11.733,-50.53585255,-38.15495264
11.750,-50.34317201,-38.00513255
11.767,-50.65817901,-37.69805556
11.783,-50.54732143,-37.3442734
11.800,-50.6675738,-36.46960332
11.817,-50.36372951,-35.96317623
11.833,-50.25996835,-35.64241017
11.850,-50.76006122,-35.48084694
11.867,-50.23034114,-34.55763238
11.883,-49.93181725,-34.10096075
11.900,-49.58290441,-33.78575368
11.917,-49.97195946,-33.64665233
11.933,-49.27805215,-32.89305215
11.950,-49.30451801,-33.01364613
11.967,-48.8731924,-32.47018995
11.983,-48.5554812,-32.19772681
12.000,-48.20783483,-31.92572989
12.017,-47.87075153,-31.54814417
12.033,-47.44996427,-31.25783483
12.050,-47.20104167,-30.96075368
12.067,-46.39890244,-30.38942073
12.083,-46.05094512,-30.11036585
12.100,-45.37065306,-29.76973469
12.117,-43.99339373,-29.12073493
12.133,-43.07780488,-29.02170732
12.150,-42.11155526,-28.7258076
12.167,-41.37278398,-28.25974138
12.183,-39.6727762,-27.54202884
12.200,-39.08260341,-27.00590024
12.217,-37.77080975,-26.76667509
12.233,-36.91893985,-26.38783414
12.250,-36.59971142,-26.28142467
12.267,-36.17143725,-26.16270243
12.283,-35.36735437,-26.14496359
12.300,-34.86862058,-26.12178745
12.317,-34.60739465,-26.35216775
12.333,-33.87096433,-26.14747582
12.350,-33.15160282,-26.1221371
12.367,-32.69515347,-25.93842892
12.383,-32.55240326,-25.73756046
12.400,-31.79065906,-25.86123839
12.417,-31.66325666,-25.6404661
12.433,-31.01017512,-25.40452899
12.450,-30.35196839,-25.07173278
12.467,-29.89469178,-25.13134569
12.483,-28.91470588,-24.95720185
12.500,-27.89135078,-24.923571
12.517,-26.95501817,-24.89103393
12.533,-26.19669621,-24.80013094
12.550,-25.06762048,-24.56048193
12.567,-24.05099699,-24.64543587
12.583,-22.82242751,-24.72699859
12.600,-21.65586426,-24.68484772
12.617,-20.29251814,-24.79133918
12.633,-18.82174768,-24.76689693
12.650,-17.1773447,-25.40619706
12.667,-15.60932203,-25.25057506
12.683,-14.03159274,-25.49334677
12.700,-12.46575516,-25.90306814
12.717,-10.60572034,-26.25266344
12.733,-8.462946973,-26.94540329
12.750,-7.35841961,-27.36740256
12.767,-5.277145749,-27.9675
12.783,-4.367726446,-28.89142236
12.800,-2.558976306,-29.28491798
12.817,-1.087774167,-29.70380788
12.833,0.4651123937,-30.23917072
12.850,1.239236393,-30.90862104
12.867,2.340060729,-31.64228745
12.883,3.450805634,-32.33863498
12.900,4.531628329,-33.2433414
12.917,5.06777439,-34.56490854
12.933,6.672725885,-35.32974664
12.950,7.621303818,-36.33372258
12.967,9.137001627,-37.33758137
12.983,9.585600366,-38.75736997
13.000,10.5183589,-39.72504601
13.017,11.39216966,-40.26661909
13.033,12.22335755,-41.20764941
13.050,12.892451,-42.17255512
13.067,13.77967089,-43.04371423
13.083,14.41440428,-44.16148167
13.100,15.00154529,-44.91473378
13.117,14.99343445,-45.63249186
13.133,16.15148046,-46.29861111
13.150,16.2371334,-47.01985234
13.167,16.79471702,-47.52004275
13.183,17.40234663,-48.3317638
13.200,17.96734663,-48.89329755
13.217,18.15503366,-49.54469094
13.233,18.58458758,-50.65495418
13.250,18.68690744,-52.14358909
13.267,18.71620106,-53.14502447
13.283,19.25679448,-54.2521319
13.300,19.21011564,-55.69459169
13.317,19.028088,-57.12925174
13.333,18.98745918,-58.64008163
13.350,18.73777675,-60.24755535
13.367,18.75915306,-60.9784898
13.383,18.07607318,-62.67896566
13.400,18.04488962,-64.01292927
13.417,17.71982406,-65.37262684
13.433,17.11437832,-66.40364945
13.450,16.68483129,-67.86412577
13.467,16.4764585,-68.93858874
13.483,15.90366079,-70.14991797
13.500,15.54097906,-71.10511084
13.517,15.37458589,-72.25587423
13.533,14.37020171,-73.06665648
13.550,13.87038132,-73.59631933
13.567,13.72274207,-74.20969284
13.583,12.77441153,-74.74784903
13.600,12.1465798,-75.34675285
13.617,11.091824,-75.69520402
13.633,9.782571429,-76.47563265
13.650,9.39332753,-77.05792196
13.667,8.450805465,-77.11143964
13.683,7.355497142,-77.56061147
13.700,5.90692292,-77.99626835
13.717,4.493375153,-78.55194308
13.733,3.494382137,-78.82925163
13.750,2.413765823,-79.10749796
13.767,1.002530488,-79.3032622
13.783,-0.2330193483,-79.49757128
13.800,-1.50117713,-79.98734713
13.817,-3.226435261,-80.16397598
13.833,-4.586024023,-80.13982085
13.850,-5.619481247,-80.28101814
13.867,-7.75093572,-80.13322823
13.883,-9.369372712,-80.33672733
13.900,-10.89151097,-80.28186434
13.917,-12.00051745,-80.32676542
13.933,-13.07857579,-80.74734108
13.950,-15.25222813,-80.92135119
13.967,-16.52797959,-80.71313265
13.983,-17.62544333,-80.5125
14.000,-19.05056702,-80.5125
14.017,-20.03166088,-80.22873111
14.033,-21.35360862,-79.73386586
14.050,-22.0132338,-79.30672136
14.067,-22.71833367,-78.85005619
14.083,-22.83195466,-78.60839461
14.100,-23.11190889,-78.05257338
14.117,-23.80477941,-77.72904412
14.133,-24.87198206,-77.19439233
14.150,-25.55968826,-76.68942543
14.167,-25.44913548,-76.49911513
14.183,-26.23386752,-76.37330586
14.200,-26.66423639,-75.97207555
14.217,-27.28826127,-75.59197625
14.233,-28.04624083,-75.47032396
14.250,-28.43008656,-75.15132892
14.267,-29.19608133,-74.90165614
14.283,-29.81476623,-74.86826766
14.300,-30.47540816,-74.64572449
14.317,-31.04624389,-74.60829601
14.333,-31.81493579,-74.469787
14.350,-32.54275672,-74.49642421
14.367,-33.21999285,-74.48414149
14.383,-34.13445891,-74.23727624
14.400,-34.84070774,-74.26758147
14.417,-35.82362469,-73.97839242
14.433,-36.63661043,-73.92314417
14.450,-37.76390816,-73.48343878
14.467,-38.57078221,-73.32001534
14.483,-39.03505601,-73.12837576
14.500,-40.11084559,-73.00340074
14.517,-40.60735714,-72.6947449
14.533,-41.49369658,-72.48936203
14.550,-42.1545122,-72.27521341
14.567,-42.77086718,-72.04438465
14.583,-43.61465762,-71.60482172
14.600,-44.57203106,-71.32522838
14.617,-45.18339582,-70.95193048
14.633,-46.31585775,-70.63362332
14.650,-47.60159705,-70.70135135
14.667,-48.41317678,-70.13948934
14.683,-49.48732568,-70.20901354
14.700,-50.49195037,-69.97958368
14.717,-51.13111179,-69.72266585
14.733,-52.36079104,-69.15121265
14.750,-53.39389391,-68.9848273
14.767,-54.00024671,-68.51089638
14.783,-54.48512736,-68.09248151
14.800,-55.21622537,-67.69562808
14.817,-55.90923377,-67.19414544
14.833,-56.92229381,-66.69388144
14.850,-57.60936339,-65.99692014
14.867,-58.32742553,-65.66284133
14.883,-59.24471787,-64.79814662
14.900,-59.94388188,-64.34443008
14.917,-60.53446406,-63.81804523
14.933,-60.93280864,-63.41950617
14.950,-61.40357585,-63.16425185
14.967,-62.0939206,-62.85449752
14.983,-62.32977273,-62.62044421
15.000,-63.46051867,-62.27542531
15.017,-63.65026926,-61.73338857
15.033,-64.1223359,-61.58018799
15.050,-64.07986919,-60.72224875
15.067,-63.34465174,-60.09098259
15.083,-63.49210963,-59.30388289
15.100,-63.00031095,-58.36576493
15.117,-63.02026901,-57.74936124
15.133,-62.98834165,-57.21505611
15.150,-62.95337038,-56.70715102
15.167,-62.33973881,-56.27863806
15.183,-62.35780667,-55.85316515
15.200,-62.15292201,-55.65203248
15.217,-62.41818135,-55.49241275
15.233,-61.95789066,-55.22764055
15.250,-62.54788732,-55.05941384
15.267,-62.31865672,-54.88019279
15.283,-62.68225488,-54.68258725
15.300,-62.32714909,-54.510299
15.317,-62.43578625,-54.35865704
15.333,-62.51720307,-54.11963248
15.350,-63.15741895,-54.25972569
15.367,-63.02004364,-54.01315461
15.383,-63.32347055,-53.64277789
15.400,-63.14033313,-53.66620486
15.417,-63.35870647,-53.06010572
15.433,-63.01391079,-52.33752075
15.450,-63.4357447,-51.70031678
15.467,-63.42201098,-51.29780874
15.483,-63.37299689,-50.82718944
15.500,-62.96240683,-50.05163043
15.517,-62.75802208,-49.60305922
15.533,-62.94109362,-49.02088857
15.550,-62.86621369,-48.60992739
15.567,-62.74108777,-48.37166181
15.583,-62.26541373,-47.65298113
15.600,-61.89419291,-47.2341639
15.617,-61.27604123,-46.98830812
15.633,-61.05333851,-46.54231366
15.650,-60.52396221,-45.90537485
15.667,-59.79933395,-45.55181227
15.683,-59.13892916,-45.20468103
15.700,-58.11054124,-44.8021701
15.717,-58.02787748,-44.41683168
15.733,-57.02823311,-44.1342257
15.750,-56.37497427,-43.4932534
15.767,-55.90495672,-43.0352535
15.783,-54.86876792,-43.0329322
15.800,-54.87935428,-42.66120037
15.817,-54.25777972,-42.33490847
15.833,-53.61343544,-42.12061061
15.850,-53.04012942,-41.61245892
15.867,-52.33903941,-41.17820197
15.883,-52.24389152,-40.84154487
15.900,-52.02348844,-40.39003818
15.917,-51.47388337,-39.78483251
15.933,-50.73321164,-39.28098005
15.950,-50.1584816,-38.71983129
15.967,-50.11891864,-38.60525348
15.983,-49.56228528,-37.76314417
16.000,-48.9577611,-37.11645765
16.017,-48.40675676,-36.71111794
16.033,-48.19440749,-36.39948322
16.050,-47.72863497,-36.13746933
16.067,-47.12245702,-35.27549632
16.083,-46.65765369,-35.2858709
16.100,-46.43586535,-34.93383224
16.117,-46.10621931,-34.69063011
16.133,-45.62888741,-34.15456171
16.150,-44.61817904,-33.76520188
16.167,-43.93582112,-33.29119353
16.183,-43.85207143,-32.883
16.200,-43.50164379,-32.58587157
16.217,-42.26979548,-32.00114469
16.233,-41.7340045,-32.32003271
16.250,-41.12340317,-31.59333808
16.267,-40.5766969,-31.82875561
16.283,-39.8511188,-31.24854557
16.300,-39.19644243,-31.32358616
16.317,-38.24469094,-31.19775092
16.333,-38.2581283,-31.25134709
16.350,-36.90077523,-31.05725071
16.367,-36.35943196,-31.21058627
16.383,-35.7612034,-31.35543963
16.400,-34.82909587,-31.33898665
16.417,-33.66686893,-31.82239078
16.433,-32.71827465,-31.55189638
16.450,-32.30837036,-32.1269588
16.467,-31.17516116,-32.08344077
16.483,-30.01149071,-32.24571558
16.500,-29.13474019,-32.82563182
16.517,-27.54375,-32.89728525
16.533,-26.47449838,-33.11502331
16.550,-25.84443483,-33.80851833
16.567,-24.68572082,-34.14987292
16.583,-23.69656873,-34.43938085
16.600,-22.67010781,-34.91368999
16.617,-21.65986574,-35.61706672
16.633,-21.11494598,-35.88141561
16.650,-19.86274361,-35.61530146
16.667,-18.66799818,-36.25302248
16.683,-17.63623482,-35.92782389
16.700,-17.19562728,-36.09690413
16.717,-15.94320586,-36.72729862
16.733,-14.89482968,-36.71125304
16.750,-14.12385535,-37.07640802
16.767,-13.20759128,-37.36735801
16.783,-12.76411389,-37.46651949
16.800,-11.99993907,-38.19257717
16.817,-11.11246955,-38.2579324
16.833,-10.12911938,-39.04786684
16.850,-9.145523068,-40.02045225
16.867,-8.447483766,-40.63115869
16.883,-7.422526466,-41.42949919
16.900,-6.385605134,-42.74452934
16.917,-5.445755483,-43.38015841
16.933,-4.551516694,-44.27635383
16.950,-3.739580783,-44.87324051
16.967,-3.260814262,-45.70508275
16.983,-1.792457334,-46.09938541
17.000,-1.419373479,-46.60562652
17.017,-0.5974857781,-47.69038501
17.033,0.1083891596,-48.51189099
17.050,0.3632142857,-49.79840816
17.067,0.7657297629,-50.8673242
17.083,1.685998775,-51.84359681
17.100,2.40125,-52.71036585
17.117,2.633934409,-53.67095934
17.133,2.783949038,-55.3129912
17.150,3.286578624,-56.63187961
17.167,3.695655738,-57.84534836
17.183,4.515710915,-58.69380899
17.200,4.494213058,-59.85750614
17.217,5.234969136,-61.08626543
17.233,5.412839506,-62.16046296
17.250,5.738173195,-62.91935435
17.267,5.584701946,-64.01614964
17.283,5.801850913,-65.31594828
17.300,6.626912124,-66.86216436
17.317,6.91308991,-68.2930533
17.333,7.794864892,-69.91961093
17.350,7.721131194,-71.95488424
17.367,8.147713415,-74.08390244
17.383,8.452597601,-75.95964315
17.400,8.766705703,-77.78531059
17.417,8.932733224,-79.76694967
17.433,8.74222973,-81.3384828
17.450,8.615728782,-83.32707565
17.467,8.348274273,-84.72048853
17.483,7.135291411,-86.25608896
17.500,6.970028642,-87.34728928
17.517,6.475397311,-88.14483496
17.533,5.756603774,-89.46721698
17.550,5.294250619,-90.40816474
17.567,4.813436985,-91.33662479
17.583,4.62225031,-92.00254333
17.600,4.493256511,-92.87289686
17.617,4.254981436,-93.46274752
17.633,3.764134257,-94.040241
17.650,3.461003921,-94.73776826
17.667,3.643131188,-95.29829827
17.683,3.609852089,-95.57254344
17.700,3.713526971,-95.88003112
17.717,3.49063405,-95.69176148
17.733,3.364764268,-95.40158189
17.750,3.262035891,-95.1269802
17.767,2.449804687,-95.18344984
17.783,2.204057108,-95.06693714
17.800,1.369467888,-95.2294823
17.817,1.272475217,-95.22560409
17.833,0.4887401819,-95.35688818
17.850,0.007009925558,-95.3630273
17.867,-0.5113016529,-95.41028926
17.883,-1.536598632,-95.58697161
17.900,-2.316780397,-95.47168114
17.917,-3.147456576,-95.34550248
17.933,-3.957566061,-95.22652766
17.950,-4.873561856,-95.05804639
17.967,-5.747273196,-94.98465464
17.983,-6.593793634,-94.67810575
18.000,-7.18942704,-94.51057296
18.017,-8.054564636,-94.33627522
18.033,-9.061353779,-94.21042441
18.050,-9.65939441,-94.1988354
18.067,-10.16404895,-93.66782838
18.083,-11.11271685,-93.71683705
18.100,-12.03993627,-93.49332854
18.117,-12.58409091,-93.0722973
18.133,-13.3141311,-92.93113972
18.150,-13.9495991,-92.80334087
18.167,-14.41999386,-92.32266585
18.183,-14.85300308,-92.10950205
18.200,-15.72267001,-91.86573638
18.217,-16.47878026,-91.63050369
18.233,-17.59951844,-91.0263627
18.250,-17.9612413,-90.43758187
18.267,-19.0861168,-89.98088115
18.283,-20.07346437,-89.5080774
18.300,-20.95237148,-88.80423807
18.317,-22.33230147,-88.15144801
18.333,-23.39640957,-87.57962357
18.350,-24.46523917,-86.59676002
18.367,-25.62414691,-85.9327595
18.383,-26.50676829,-84.96015244
18.400,-27.20902891,-84.40147598
18.417,-28.07842025,-83.49694785
18.433,-29.12139589,-82.43565982
18.450,-29.78667582,-81.58179182
18.467,-30.85553245,-80.67753043
18.483,-31.57153259,-79.71850815
18.500,-32.5575793,-79.1476769
18.517,-33.77627737,-78.47451338
18.533,-34.34262146,-78.00088057
18.550,-35.58640467,-77.52132353
18.567,-36.57441731,-76.78858431
18.583,-37.33576431,-76.49349878
18.600,-38.44017857,-75.84161932
18.617,-39.33053245,-75.35186105
18.633,-40.31286437,-75.01575911
18.650,-41.13613526,-74.38843004
18.667,-41.74512454,-74.29955954
18.683,-42.35609026,-73.85971095
18.700,-43.48469854,-73.27623325
18.717,-44.18564664,-73.03171589
18.733,-44.79569123,-72.53643423
18.750,-45.68807998,-72.10648657
18.767,-46.87432927,-71.59652439
18.783,-47.6878672,-71.03128825
18.800,-48.88079865,-70.33281824
18.817,-49.78069201,-69.73304627
18.833,-50.22882299,-69.28286546
18.850,-51.06377136,-68.16548007
18.867,-51.79627139,-67.55479829
18.883,-52.44549595,-66.43096154
18.900,-53.35036675,-65.91781785
18.917,-53.46829268,-65.26439024
18.933,-53.86044479,-64.38400307
18.950,-54.06495399,-63.43078221
18.967,-54.71977589,-62.27199652
18.983,-55.23679332,-61.36823535
19.000,-55.67329755,-60.38394172
19.017,-55.94159668,-59.14966714
19.033,-55.84972793,-57.80924538
19.050,-55.95859951,-56.37159091
19.067,-56.0148873,-55.18822746
19.083,-56.87115939,-54.13807661
19.100,-56.78179988,-53.0851456
19.117,-57.33346273,-52.17476708
19.133,-57.52043061,-51.24732032
19.150,-57.73133533,-50.04878465
19.167,-57.94400558,-49.15745043
19.183,-58.35034007,-48.02034213
19.200,-58.70863636,-47.30590909
19.217,-58.6488966,-46.50010879
19.233,-59.34248144,-45.40977723
19.250,-59.55097664,-43.82720649
19.267,-59.66848635,-42.81662531
19.283,-59.87878412,-41.33402605
19.300,-59.89233471,-40.20021694
19.317,-60.17811723,-38.89582643
19.333,-59.70387824,-37.26101669
19.350,-59.48440988,-36.24209901
19.367,-59.42094998,-35.06361157
19.383,-58.90751232,-33.99393473
19.400,-58.29867611,-32.74495074
19.417,-57.42184818,-31.51196874
19.433,-57.44824363,-30.04202958
19.450,-57.28690647,-29.38150327
19.467,-56.55839644,-28.37546562
19.483,-55.64972359,-27.21578624
19.500,-55.48152529,-26.46882137
19.517,-54.90070408,-25.45267347
19.533,-54.32714564,-24.38515465
19.550,-53.37240392,-23.16245912
19.567,-52.41136642,-22.22610294
19.583,-51.45683483,-21.07371847
19.600,-50.89493271,-20.00196778
19.617,-50.02460269,-18.91506724
19.633,-49.50783673,-17.57957143
19.650,-48.67948901,-16.56696865
19.667,-47.43621899,-15.51107666
19.683,-46.51568237,-14.31690636
19.700,-45.76326687,-13.80437117
19.717,-44.68557456,-12.83401782
19.733,-43.74126432,-12.23396072
19.750,-43.58645706,-12.16483129
19.767,-42.33170719,-11.64922865
19.783,-41.56613248,-11.43279915
19.800,-41.11874237,-10.92030805
19.817,-40.02198171,-11.04506098
19.833,-39.26405488,-10.5317378
19.850,-38.6315583,-10.44605075
19.867,-38.31650081,-10.33041227
19.883,-37.37988115,-10.30189456
19.900,-36.581288,-10.16690819
19.917,-35.59671907,-10.02731744
19.933,-35.34690926,-9.822122412
19.950,-34.49256098,-9.656676829
19.967,-33.47693791,-9.118191964
19.983,-32.37093447,-8.324150485
20.000,-31.03766267,-8.080373119
20.017,-30.25826392,-7.677778342
20.033,-29.21626671,-7.591114824
20.050,-27.47850486,-6.946890194
20.067,-26.25598356,-6.377755786
20.083,-24.24877273,-5.822924242
20.100,-22.85765472,-5.66610342
20.117,-21.00161454,-5.018907392
20.133,-19.06444884,-4.271909257
20.150,-17.3814858,-3.866181542
20.167,-15.30618666,-3.11414167
20.183,-12.939141,-2.558296191
20.200,-11.33937879,-2.309651515
20.217,-9.460265871,-2.023650425
20.233,-7.390748988,-1.657257085
20.250,-5.101172351,-1.178517052
20.267,-3.499343712,-1.133104396
20.283,-1.571363081,-1.105134474
20.300,-0.2328296703,-1.07791514
20.317,0.8667613636,-1.066254058
20.333,2.393767691,-1.468474525
20.350,4.175738866,-1.811659919
20.367,5.472154964,-2.048638015
20.383,7.891166667,-2.614409091
20.400,9.198642511,-3.24185002
20.417,10.84779471,-3.755071659
20.433,12.73297926,-4.701696536
20.450,15.32045592,-5.652855843
20.467,17.60985401,-6.45419708
20.483,19.60805264,-7.040848124
20.500,21.0816052,-7.732028416
20.517,22.76845286,-8.877921031
20.533,24.32499495,-9.065204885
20.550,26.31414116,-8.954555981
20.567,27.75946177,-9.3225
20.583,30.0121966,-9.441808252
20.600,31.39797147,-9.697718535
20.617,33.27840817,-10.03672796
20.633,34.91364966,-10.12794978
20.650,37.13862394,-10.74907351
20.667,38.58807833,-11.22662338
20.683,40.83236343,-11.57236547
20.700,42.26687424,-12.23194107
20.717,43.7164164,-12.67466518
20.733,44.55241246,-13.61659202
20.750,45.66622861,-14.09391809
20.767,46.41644683,-14.35659497
20.783,47.70125408,-15.38772431
20.800,47.54150367,-16.20403423
20.817,47.73927406,-16.94308728
20.833,48.28396795,-17.60578297
20.850,47.84793283,-18.38787771
20.867,48.08385417,-19.1760723
20.883,47.54802953,-19.87223523
20.900,47.22698065,-20.90097251
20.917,46.71543522,-22.12077935
20.933,46.20109223,-23.00455097
20.950,45.3091843,-24.09065297
20.967,44.09411585,-25.61103659
20.983,43.6117325,-26.98088928
21.000,42.22204676,-28.56749385
21.017,40.53562654,-30.46418919
21.033,39.12142343,-32.25838308
21.050,37.7653929,-33.842619
21.067,36.64864865,-34.92380221
21.083,35.46771978,-36.29210928
21.100,35.04219259,-37.40939536
21.117,34.17143513,-38.30347307
21.133,33.50246313,-39.38392565
21.150,32.37795918,-40.57276531
21.167,32.11351833,-41.74843686
21.183,31.30360273,-43.18173155
21.200,30.65326375,-44.76560591
21.217,29.56929226,-46.33978106
21.233,28.33655025,-47.55070466
21.250,27.21093941,-48.8877142
21.267,25.99969363,-50.09181985
21.283,24.6245257,-51.56057222
21.300,23.26201903,-53.03379554
21.317,21.94314417,-54.52596626
21.333,20.40763436,-56.29870725
21.350,18.88147149,-57.89754073
21.367,17.71810081,-59.88597251
21.383,16.6877443,-61.30226995
21.400,15.42698655,-63.09972494
21.417,14.29399245,-64.50724275
21.433,13.18237362,-65.70457093
21.450,11.86914763,-67.2158748
21.467,10.62904815,-68.51801605
21.483,9.487043054,-69.46608448
21.500,8.512865556,-70.72941714
21.517,7.334664634,-71.96515244
21.533,6.587073171,-72.87466463
21.550,5.632250709,-73.72769051
21.567,4.911100973,-74.63567518
21.583,4.330029317,-75.44737667
21.600,3.749086851,-76.35410917
21.617,3.09027439,-77.40844512
21.633,2.21669708,-78.7013382
21.650,1.865880855,-79.78409878
21.667,0.5335601137,-81.1321182
21.683,-0.2600010158,-82.14482426
21.700,-1.320330343,-83.37782423
21.717,-2.700045862,-84.97284448
21.733,-3.144062882,-85.90380037
21.750,-4.34170082,-86.97295082
21.767,-5.087089154,-87.99167009
21.783,-6.093262887,-88.78130412
21.800,-7.300627056,-89.26279811
21.817,-8.820847073,-89.81194353
21.833,-10.0479321,-90.0791358
21.850,-11.51972222,-90.48719136
21.867,-12.65710784,-90.62156863
21.883,-14.16097987,-91.1288825
21.900,-14.66613002,-91.09755947
21.917,-15.10208076,-91.18201295
21.933,-16.3232539,-91.08709942
21.950,-16.92381026,-91.20140606
21.967,-18.27640033,-91.1830416
21.983,-19.04784128,-91.13412829
22.000,-20.19023678,-91.21831181
22.017,-21.57066893,-91.24122996
22.033,-22.800956,-91.40594161
22.050,-24.11351726,-91.3666307
22.067,-25.54696752,-91.47215255
22.083,-27.07436806,-91.49899815
22.100,-28.49064815,-91.47768519
22.117,-29.87864562,-91.58124743
22.133,-31.12262541,-91.60457442
22.150,-31.76037562,-91.60375616
22.167,-32.47354938,-91.64160494
22.183,-33.34289236,-91.8322309
22.200,-34.31345718,-91.79272849
22.217,-35.25209704,-91.87987253
22.233,-36.12246503,-91.96473159
22.250,-36.38957477,-91.87401397
22.267,-36.97045082,-91.73145492
22.283,-37.37210591,-91.5898399
22.300,-37.47968686,-91.64311602
22.317,-37.88700739,-91.54809113
22.333,-37.67535363,-91.40595018
22.350,-38.06440965,-91.21849589
22.367,-38.81425061,-90.77481572
22.383,-39.01901106,-90.2472973
22.400,-39.89430049,-90.02908132
22.417,-40.25451189,-89.37683552
22.433,-40.56436887,-88.85940564
22.450,-41.41848116,-88.34171958
22.467,-42.14411614,-88.06049263
22.483,-42.31938064,-87.49968212
22.500,-42.66538264,-86.80702195
22.517,-43.02705683,-86.22277903
22.533,-43.88355694,-85.34543732
22.550,-44.78727523,-84.16294953
22.567,-45.47210123,-83.12605828
22.583,-45.90884969,-81.93366564
22.600,-45.96645492,-80.36314549
22.617,-45.32599223,-78.53592471
22.633,-45.86968508,-77.15083062
22.650,-46.16335609,-76.03833571
22.667,-46.98472448,-75.23587332
22.683,-47.06670219,-74.34292022
22.700,-48.1420835,-73.99619743
22.717,-48.79813961,-73.65674969
22.733,-49.69368588,-73.68937731
22.750,-50.52484099,-73.4215993
22.767,-51.8949825,-73.25868156
22.783,-52.94953627,-73.36499382
22.800,-54.64956077,-73.37233878
22.817,-55.30749382,-73.22127627
22.833,-56.4616358,-73.2058642
22.850,-57.79838211,-72.93879843
22.867,-58.18547492,-72.79718339
22.883,-58.70368616,-72.54013591
22.900,-59.19203138,-72.1319777
22.917,-60.26100808,-72.2587702
22.933,-60.41194238,-71.92548017
22.950,-60.8882134,-71.71854839
22.967,-61.87102391,-71.2939553
22.983,-61.6159204,-71.0255597
23.000,-61.76795906,-69.85390819
23.017,-61.92500517,-69.2113312
23.033,-61.81630637,-68.52758068
23.050,-61.49098885,-67.74051404
23.067,-61.73462775,-67.38345603
23.083,-61.69554348,-66.69982919
23.100,-61.55452282,-66.1120332
23.117,-61.49834788,-65.41530549
23.133,-61.47012448,-64.94803942
23.150,-61.17934692,-64.965599
23.167,-61.16531602,-64.54895181
23.183,-61.08562656,-64.16231266
23.200,-61.47650961,-64.39122963
23.217,-61.56214554,-64.12443703
23.233,-60.99602745,-63.76697171
23.250,-61.32442115,-64.06456508
23.267,-61.40047416,-63.76033243
23.283,-61.06116127,-63.2247665
23.300,-61.04176678,-62.97269056
23.317,-60.53144944,-62.70551699
23.333,-60.3201971,-62.10311203
23.350,-60.31533313,-61.94419365
23.367,-60.01482558,-61.17978613
23.383,-59.6656237,-60.74573615
23.400,-59.41335488,-59.70669308
23.417,-59.56266618,-58.82678126
23.433,-59.14427019,-57.59315217
23.450,-58.88227612,-56.96380597
23.467,-58.12180257,-55.91886382
23.483,-58.34333299,-55.65648052
23.500,-58.07846875,-54.66021875
23.517,-57.700625,-54.112875
23.533,-57.50892857,-53.28020186
23.550,-56.93511359,-52.43089308
23.567,-57.10233791,-51.86798628
23.583,-56.7396153,-51.53720966
23.600,-56.03852484,-50.86579193
23.617,-55.49673442,-50.09623917
23.633,-55.45933361,-49.39423634
23.650,-55.17847853,-48.79598472
23.667,-55.04549257,-48.60435254
23.683,-54.62522727,-48.19193182
23.700,-54.47336957,-47.15995342
23.717,-54.15169676,-46.89394458
23.733,-54.10073287,-46.09812139
23.750,-53.4434617,-45.25468493
23.767,-53.49975186,-44.7478598
23.783,-53.2166236,-43.98836813
23.800,-53.00113073,-43.50394981
23.817,-52.30658624,-43.15637064
23.833,-51.62553586,-42.57412407
23.850,-51.30885972,-41.73885357
23.867,-50.95981592,-41.32041855
23.883,-50.53210016,-40.23354287
23.900,-49.53587157,-39.67904035
23.917,-49.0751127,-39.2941291
23.933,-48.56773399,-38.55498768
23.950,-47.59933887,-37.98460947
23.967,-46.66809656,-37.5676353
23.983,-46.00343508,-37.37616884
24.000,-45.22480094,-36.64252246
24.017,-44.43587954,-35.91596514
24.033,-43.96168334,-35.63894957
24.050,-43.64850861,-35.26037823
24.067,-42.853148,-34.70384301
24.083,-41.99071691,-34.24966299
24.100,-41.24787678,-33.59448574
24.117,-40.36830757,-33.30695688
24.133,-40.01852815,-32.8125306
24.150,-39.37580891,-32.43231074
24.167,-38.60775704,-32.09677173
24.183,-37.76872204,-31.59599939
24.200,-37.42003968,-31.77003968
24.217,-36.42043328,-31.5829943
24.233,-35.50697047,-31.23667515
24.250,-35.25861404,-31.0039164
24.267,-34.5621634,-30.85197368
24.283,-33.80017262,-30.83633225
24.300,-32.81438794,-31.08704324
24.317,-32.07902491,-31.1693955
24.333,-32.0632914,-31.24812297
24.350,-30.98037454,-31.39328563
24.367,-30.29881291,-31.55080154
24.383,-29.8242892,-31.61429732
24.400,-28.75113544,-31.97198065
24.417,-27.97991253,-32.27257933
24.433,-27.10037078,-32.6585382
24.450,-25.52138505,-32.66764825
24.467,-24.76790293,-32.9359127
24.483,-23.76699816,-33.04765912
24.500,-22.75168947,-33.41724684
24.517,-21.10839083,-34.16484375
24.533,-19.81271238,-34.61653519
24.550,-18.15850406,-35.1944574
24.567,-17.13573458,-35.82613636
24.583,-16.12800427,-36.17987495
24.600,-14.70419368,-36.58191856
24.617,-13.58482506,-37.36861269
24.633,-12.23401706,-37.43526604
24.650,-11.33212835,-37.64869009
24.667,-10.44056661,-37.87932575
24.683,-9.503787109,-38.29604006
24.700,-8.504391065,-38.64579253
24.717,-8.091648073,-39.13455882
24.733,-7.344312652,-39.65997567
24.750,-6.603494733,-40.01587318
24.767,-5.889232172,-40.15323136
24.783,-4.872781605,-40.64085292
24.800,-4.53565002,-41.09501112
24.817,-3.285908999,-41.93699331
24.833,-2.72877129,-42.48153893
24.850,-1.249563363,-43.08067628
24.867,-0.8302040816,-44.30868367
24.883,0.3078673469,-44.78259184
24.900,0.7748571429,-45.96217347
24.917,1.834348225,-46.76118421
24.933,2.879282502,-48.39342805
24.950,3.519162592,-49.40987164
24.967,4.601457055,-50.52243865
24.983,5.081180868,-51.8481821
25.000,6.042393311,-52.72618486
25.017,6.247573861,-53.83902852
25.033,6.746935318,-55.07705852
25.050,7.590515644,-56.53896151
25.067,8.145009271,-57.63314277
25.083,8.187386878,-58.72711333
25.100,8.726317957,-60.00216227
25.117,9.117045455,-61.00820025
25.133,9.314864865,-62.33740786
25.150,9.904831288,-63.68381902
25.167,10.92792401,-65.0346016
25.183,11.4376223,-66.70650734
25.200,12.25141596,-68.50366931
25.217,13.36760578,-70.61695484
25.233,13.80169829,-72.85699204
25.250,14.44813592,-74.78903393
25.267,14.08132628,-77.01630391
25.283,14.74386995,-78.99675888
25.300,14.76022077,-80.36351186
25.317,14.80265337,-81.69449387
25.333,14.47986453,-82.70431034
25.350,14.44935185,-83.4979321
25.367,13.67075481,-84.05734842
25.383,13.54331419,-84.5414274
25.400,12.95653538,-85.04807178
25.417,12.47332822,-85.38605828
25.433,11.90287515,-86.00960947
25.450,11.53589731,-86.31245917
25.467,10.93890542,-86.75137977
25.483,10.20087495,-87.10725031
25.500,9.628791905,-87.52187244
25.517,9.175743742,-87.82596943
25.533,8.566407204,-88.05273199
25.550,7.921530612,-88.61390816
25.567,7.146673469,-89.27807143
25.583,5.921389799,-89.84506862
25.600,5.142933893,-90.67001126
25.617,4.171234568,-91.56487654
25.633,3.063504098,-92.43654713
25.650,2.420929514,-93.38919002
25.667,1.470867769,-94.41920455
25.683,1.123086893,-95.01244815
25.700,0.4950186413,-95.91425021
25.717,-0.1676645148,-96.66124011
25.733,-0.6874480033,-96.95132072
25.750,-0.8974771595,-97.29356312
25.767,-1.916545643,-97.85635892
25.783,-2.211099004,-98.2364726
25.800,-2.31296875,-98.44771875
25.817,-3.347995627,-98.67321429
25.833,-3.585849352,-98.78705077
25.850,-4.329504175,-98.82840814
25.867,-4.566043143,-98.75900896
25.883,-5.04799896,-98.59015073
25.900,-5.280143392,-98.4417394
25.917,-6.574098259,-97.91225124
25.933,-7.226200331,-97.51511796
25.950,-7.996374638,-97.32224348
25.967,-9.274231325,-96.63004024
25.983,-10.07412263,-96.28677746
26.000,-10.7033254,-96.00032582
26.017,-11.53677746,-95.50996078
26.033,-12.68111111,-94.87466049
26.050,-13.10343904,-94.53045717
26.067,-14.43545876,-94.00959278
26.083,-15.79368588,-93.03894645
26.100,-17.17688427,-92.1464271
26.117,-18.37764433,-91.23119072
26.133,-19.35996914,-90.14191358
26.150,-20.70580725,-89.0642916
26.167,-22.17369449,-88.07797081
26.183,-23.66342062,-86.95197422
26.200,-24.43671236,-86.02610475
26.217,-25.88352899,-85.04242038
26.233,-26.63992331,-84.48136503
26.250,-27.51094132,-83.40311736
26.267,-28.4138431,-82.54760379
26.283,-29.21571823,-81.94982121
26.300,-29.77651345,-81.06183755
26.317,-30.83265931,-80.42594975
26.333,-31.04384191,-79.65045956
26.350,-31.76568367,-78.73102041
26.367,-32.29446604,-78.22730155
26.383,-32.85878571,-77.50992857
26.400,-33.44610589,-76.63187858
26.417,-33.86363404,-75.5009246
26.433,-34.24937755,-74.54886735
26.450,-34.84398034,-73.49164619
26.467,-35.44327632,-72.21109689
26.483,-36.1721319,-71.01495399
26.500,-36.60511993,-69.58082718
26.517,-36.84464433,-67.84181743
26.533,-37.47354389,-65.88460829
26.550,-37.98423243,-64.61447287
26.567,-38.06473835,-63.02891455
26.583,-38.19635417,-61.48875613
26.600,-38.38280167,-59.87951998
26.617,-39.09262454,-58.71766537
26.633,-40.11488436,-57.58871777
26.650,-40.55297912,-56.40976658
26.667,-41.08064268,-55.72338561
26.683,-41.33561321,-54.95888023
26.700,-41.98093507,-54.03203093
26.717,-42.00523863,-53.4036102
26.733,-42.57645492,-52.47553279
26.750,-42.7188627,-51.94758197
26.767,-42.91097524,-51.16395313
26.783,-43.51332924,-50.71812039
26.800,-43.78866064,-50.39386812
26.817,-43.75396541,-49.6895876
26.833,-44.09675584,-48.9128075
26.850,-44.1497688,-48.50744451
26.867,-44.20150862,-47.88235837
26.883,-44.24243204,-47.18494646
26.900,-44.10590806,-46.91928733
26.917,-43.96340722,-46.43426289
26.933,-44.03954461,-45.92987918
26.950,-43.96449918,-45.14177659
26.967,-43.66906597,-44.50158755
26.983,-43.60905455,-43.93234208
27.000,-43.36415706,-43.20365891
27.017,-43.22529357,-42.43610939
27.033,-42.45356922,-41.30820457
27.050,-42.13639026,-40.17874538
27.067,-41.02481618,-38.57371324
27.083,-40.02121879,-37.20778244
27.100,-39.09530294,-35.88303244
27.117,-37.71236746,-34.40117251
27.133,-37.1127451,-33.21106005
27.150,-35.94717643,-31.33887363
27.167,-34.53691955,-30.38054481
27.183,-33.73463415,-28.52560976
27.200,-32.91788898,-26.99088331
27.217,-31.63175182,-26.21201338
27.233,-30.73737805,-25.08737805
27.250,-29.04388686,-23.86128345
27.267,-27.9070379,-23.20404844
27.283,-26.48264682,-22.33155587
27.300,-25.77165751,-21.30132784
27.317,-24.14070097,-20.47667139
27.333,-22.79768104,-19.51525631
27.350,-20.56670882,-18.50883752
27.367,-19.03697304,-17.50480847
27.383,-17.49511529,-16.5934466
27.400,-16.05635412,-15.56390187
27.417,-14.53666903,-14.73591913
27.433,-12.79498175,-14.16967762
27.450,-10.60659091,-13.32201515
27.467,-9.218962379,-12.37308859
27.483,-7.217606984,-11.31995862
27.500,-5.948896614,-10.58435611
27.517,-4.72875456,-9.929869274
27.533,-3.265015152,-9.137590909
27.550,-1.818029721,-8.209406591
27.567,-0.5126008065,-7.374616935
27.583,0.3929939516,-6.557872984
27.600,1.962972077,-5.895726195
27.617,3.296212274,-4.933234406
27.633,4.808656174,-4.42218523
27.650,5.651716282,-4.086467193
27.667,6.549175435,-3.83278531
27.683,7.793300323,-3.463308407
27.700,8.912772397,-3.608202179
27.717,9.871526656,-3.416013732
27.733,10.99362676,-3.671363179
27.750,11.714038,-3.678633896
27.767,12.57619119,-3.910358866
27.783,13.99420239,-4.542504044
27.800,15.02386364,-4.626166802
27.817,16.03582725,-5.392244526
27.833,16.86569732,-5.840971376
27.850,18.41268167,-6.437510093
27.867,19.88100913,-6.950187627
27.883,20.96737013,-7.766456981
27.900,22.19815324,-8.542261905
27.917,23.03871803,-9.698249086
27.933,24.13846271,-10.66503344
27.950,24.7488581,-11.27075213
27.967,25.61371457,-12.2355668
27.983,26.77345142,-12.96640688
28.000,27.81995951,-13.97517206
28.017,29.15406871,-14.67751824
28.033,29.71744327,-15.37724878
28.050,30.99957524,-16.2403216
28.067,31.83451946,-16.41386861
28.083,32.97670732,-17.46332317
28.100,33.78296101,-18.36823721
28.117,34.67419159,-19.38562045
28.133,35.53165152,-20.81768182
28.150,36.97696566,-22.14141101
28.167,37.8966352,-23.5307704
28.183,39.1528423,-24.42001834
28.200,39.82420473,-25.82939437
28.217,41.04222393,-26.9934816
28.233,40.99146842,-28.83863823
28.250,41.15044898,-30.59993878
28.267,41.27651764,-32.3009434
28.283,41.18933327,-34.12046805
28.300,41.43854551,-36.0178813
28.317,41.85533951,-37.74339506
28.333,41.767654,-39.13988193
28.350,42.10645062,-40.55095679
28.367,41.4176968,-41.74780135
28.383,41.43544814,-42.52899653
28.400,41.65203061,-43.31589796
28.417,41.39977088,-43.94054481
28.433,41.48135412,-44.51182954
28.450,41.31177273,-45.1195303
28.467,41.84832453,-45.63488018
28.483,41.38492991,-46.25435291
28.500,40.65001525,-47.29491155
28.517,40.40555499,-48.29369145
28.533,40.92914292,-49.21435261
28.550,40.58860294,-50.20260417
28.567,39.60571879,-51.57204656
28.583,39.51610919,-52.7921157
28.600,39.30053289,-53.8556486
28.617,38.31327267,-55.58724583
28.633,37.39860097,-57.30076034
28.650,36.7421837,-59.52776764
28.667,35.78295085,-61.42481722
28.683,34.69313337,-63.87906516
28.700,34.07570122,-65.7432622
28.717,33.61473378,-67.73257344
28.733,32.7208096,-69.85841131
28.750,31.58169533,-71.96461916
28.767,30.35115864,-73.77817987
28.783,29.16071356,-75.57768987
28.800,27.28215454,-77.09963205
28.817,25.58951267,-78.88122701
28.833,24.07496929,-80.68949631
28.850,22.6692402,-81.93192402
28.867,21.0220669,-83.14564355
28.883,19.53182234,-84.24467338
28.900,17.82166497,-85.23502546
28.917,16.57544297,-86.24650204
28.933,15.66921779,-87.25437117
28.950,14.91280713,-88.29686732
28.967,14.18080247,-89.32580247
28.983,12.89370888,-89.82384868
29.000,12.02052062,-90.81180928
29.017,11.18267887,-91.5104852
29.033,9.87127103,-92.14171625
29.050,9.646185832,-93.03879363
29.067,8.590282358,-94.25904782
29.083,7.777512407,-95.22983871
29.100,6.740917117,-96.40620586
29.117,5.888748959,-97.68831182
29.133,4.877723289,-98.90211811
29.150,3.893535565,-100.2461297
29.167,3.364812683,-101.0171044
29.183,2.647103275,-101.6750945
29.200,1.924198113,-102.2312421
29.217,0.9103306655,-102.1498104
29.233,0.6053571429,-101.6094627
29.250,0.49790625,-100.9619688
29.267,-0.0510966736,-100.584683
29.283,-0.5586753731,-100.2242537
29.300,-1.340004139,-99.88643419
29.317,-2.368169145,-98.86274783
29.333,-2.736134106,-98.53590646
29.350,-3.150961538,-98.32121588
29.367,-4.465416839,-97.63431423
29.383,-5.250015502,-97.28732431
29.400,-6.684826203,-96.71993521
29.417,-7.930028854,-96.10007214
29.433,-9.553984986,-95.46140991
29.450,-11.13170707,-94.97988907
29.467,-13.24240539,-94.82343172
29.483,-14.58070148,-94.46988566
29.500,-16.71835697,-93.92341245
29.517,-17.93566797,-93.68381536
29.533,-18.97693459,-93.52405592
29.550,-19.99526609,-93.16206683
29.567,-20.95645911,-92.88719021
29.583,-21.27161911,-92.82543424
29.600,-21.98650165,-92.6056865
29.617,-22.54363945,-92.45280234
29.633,-22.9096367,-92.26129926
29.650,-23.76064092,-92.22568817
29.667,-24.19643735,-92.03808354
29.683,-24.99777664,-91.87733607
29.700,-25.50318266,-91.54841636
29.717,-26.03433648,-91.56412284
